Workbook

Sheet Form 1
A1: Form I
A2: PLOT APPROACH FORM
A3: Name of Division: | C3: Mangalore
A4: SI.No | B4: Heading | C4: Description
A5: 1 | B5: Range | C5: Belthangady
A6: 2 | B6: Block and/or beat | C6: Kaliya RF
A7: 3 | B7: Compartment | C7: II-39
A8: 4 | B8: Grid | C8: 6073
A9: 5 | B9: Latitude | C9: 12.958673
A10: 6 | B10: Longitude | C10: 75.271481
A11: 7 | B11: Journey/approach to the plot | C11: Travel from Ujire to Guruvayukere upto N 12.957781 E 75.274522 by vehicle then travel in the bearing of 358 degree upto a distance of 89 m to reach the grid.
A12: 8 | B12: Ocular stock assessment | C12: Acacia auriculiformis , Anacardium occidentale
A13: 9 | B13: General observational information | C13: Tract - Genlty rolling
C14: Aspect - No aspect
C15: Canopy Dencity - 0.65
C16: Soil - Red gravelly laterite soil
C17: Grasses -Opplessima grass, Digiteria sp , Panicum penicellum
C18: Weeds - Chromolaena odorata
C19: Bamboos - NIL
C20: Herbs - Rubia tinctoria
C21: Shrubs - Rubia cossinia chinensis, Ziziphus oenoplia , Catunaregam spinosa
C22: Underwood species – Syzygium caryophyllateum , Tabernamontana heyneana , Buchanania lanzan ,Aporosa lindleyana
C23: Climbers - Getonia floribunda
C24: Rattans – NIL
C25: NTFP yieding sps – Buchanania lanzan , Catunaregam spinosa , Artocarpus heterophyllus
A26: 10 | B26: Conspicuous features | C26: Near areca plantation
A27: 11 | B27: Removal of fuel wood and fodder | C27: NIL

Sheet Form II
A1: Form II
A2: PLOT DESCRIPTION FORM
A3: Name of Division: | C3: Mangalore
A4: SI.No | B4: Description | C4: Remarks
A5: 1 | B5: Range | C5: ='Form 1'!C5 -> Belthangady
A6: 2 | B6: Sec & or beat
A7: 3 | B7: Block and Compartment | C7: ='Form 1'!C6 -> Kaliya RF
A8: 4 | B8: Grid | C8: ='Form 1'!C8 -> 6073
A9: 5 | B9: LAT. | C9: ='Form 1'!C9 -> 12.958673
A10: 6 | B10: LONG. | C10: ='Form 1'!C10 -> 75.271481
A11: 7 | B11: ALT. | C11: 376 ft
A12: 8 | B12: Legal Status | C12: Reserve Forest / Protected Forest/ Un classed Forest /Private Forest/ Private Land
A13: 9 | B13: Land Use | C13: Closed Forest /Dense Forest /Open Forest / Scrub
A14: 10 | B14: General topography | C14: Flat / Gently rolling / Ravines / Gullies / Hilly /Very Hilly
A15: 11 | B15: Slope | C15: Upto 3° /4°-15°/ 16°-40° /41° and Above
A16: 12 | B16: Aspect | C16: Northern / NE/Eastern / SE /Southern /SW /Western/ NW /No aspect
A17: 13 | B17: Rock and geology | C17: Sedimentary Rocks / Metamorphic Rocks / Ignecious Rocks
A18: 14 | B18: Soil data | C18: Texture- Coarse
C19: Depth- Shallow
C20: Permiability- moderate
A21: 15 | B21: Soil erosion | C21: Heavy / Moderate /Mild /No erosion
A22: 16 | B22: Crop composition | C22: Anacardium occidentale , Acacia auriculiformis , Buchanania lanzan Aporosa lindleyana
A23: 17 | B23: Regeneration status(general observation) | C23: Adequate/ Moderate/ Poor /Absent
A24: 18 | B24: Injury/ damage to crop, if any | C24: Top drying / Lopping / Girdling / Scarring / Damage by natural calamities / None
A25: 19 | B25: Biotic Influence | C25: Humans , Microbes and Insects
A26: 20 | B26: Grazing incidence | C26: Heavy / Moderate / Light / None
A27: 21 | B27: Presence of bamboos | C27: Present / Absent
A28: 22 | B28: Presence of grasses | C28: Very dense / Dense / Moderate / Scanty / Absent
A29: 23 | B29: Presence of weeds | C29: Very dense / Dense / Moderate / Scanty / Absent
A30: 24 | B30: Invasive Species | C30: Chromolaena odorata
A31: 25 | B31: Plantation status | C31: NIL
A32: 26 | B32: water bodies | C32: NIL
A33: 27 | B33: Drivers of degradation | C33: Heavily / Moderately / Mildly /Not degrated

Sheet Sheet2
A2: FORM – A1
A3: PLOT ENUMERATION (31.62mX 31.62m Central Plot/lateral plot)
A5: Compartment No: II-39 | D5: Block /Village: Charmady kanapady RF | H5: Beat:
A6: Range: Belthangady | D6: Division: Mangalore | H6: ALT: 376 ft
A7: LAT: 12.958673 | D7: LONG: 75.271481 | H7: Grid No:6073
A9: Sl. No | B9: Species name | C9: Local name | D9: GBH (cm) | E9: GBH (OB) (cm) | F9: Height of selected dominant trees (m) | G9: NTFP utility | I9: Remarks, if any, about the tree condition
G10: Part of the tree | H10: Approx. weight and or no.
A11: 1 | B11: Ficus tsjahala | D11: 141 | F11: 8
A12: 2 | B12: Acacia auriculiformis | D12: 108 | F12: 16
A13: 3 | B13: Acacia auriculiformis | D13: 48 | F13: 14.5
A14: 4 | B14: Anacardium occidentale | D14: 41 | F14: 5.5
A15: 5 | B15: Acacia auriculiformis | D15: 78 | F15: 15
A16: 6 | B16: Acacia auriculiformis | D16: 56 | F16: 16
A17: 7 | B17: Acacia auriculiformis | D17: 64 | F17: 14
A18: 8 | B18: Careya arborea | D18: 107 | F18: 11
A19: 9 | B19: Anacardium occidentale | D19: 72 | F19: 10
A20: 10 | B20: Buchanania lanzan | D20: 51 | F20: 12
A21: 11 | B21: Acacia auriculiformis | D21: 82 | F21: 14.5
A22: 12 | B22: Aporosa lindleyana | D22: 46 | F22: 12
... A40: 30 | B40: Macaranga peltata | D40: 43 | F40: 15.5

Sheet Sheet3
A1: FORM A-2
A2: BAMBOO CLUMP ENUMERATION (31.62mX 31.62m Plot)
A5: Sl. No | B5: Species name | C5: Local name | D5: Clump dia in cm | E5: Green sound culms | N5: Green damaged/ twisted | O5: Dry culms | Q5: Remarks, if any, about the clump condition
E6: Current | H6: One to | K6: Over two | O6: Sound | P6: Damaged/ twisted
E7: years | H7: two years | K7: years
E8: a | F8: b | G8: c | H8: a | I8: b | J8: c | K8: a | L8: b | M8: c
A9: 1 | B9: Nill

Sheet F-B
A1: PLOT ENUMERATION FORM – B (3m X 3m Plot) Grid No:
B2: Grid No: | F2: NORTH EAST CORNER
A3: Sl. No | B3: Species name | C3: Local name | D3: Collar Dia In cm (if any) | E3: Height (in m) | F3: NTFP utility | H3: Remarks, if any, about the condition of shrub vegetation
F4: Part of the plant body | G4: Approx. weight and or no.
A5: 1 | B5: Ixora brachiata | C5: Gorbale | D5: 3.5 | E5: 3.5 | F5: flowers | G5: =D5*E5 -> 12.25
A6: 2 | B6: Tabernamontana heyneana | C6: Maddarasa | D6: 5 | E6: 4 | F6: bark, roots | G6: =D6*E6 -> 20
A7: 3 | B7: Glochidiom climber | D7: 2.5 | E7: 7 | G7: =D7*E7 -> 17.5
A9: OBSERVATIONS RECORDED
A10: 1 | B10: Wieght of humas & Soil carbon, Forest floor of 1m X 1m plot ( within the main plot) | H10: 55g
A11: 2 | B11: Weight of All Woody litter i.e., all branches below 5cm Dia in 3m X 3m Plot | H11: 210g
A12: 3 | B12: Weight of All dead wood above 5cm Dia in 5m X 5m Plot | H12: 0
B14: =B2 -> Grid No: | F14: SOUTH WEST CORNER
A15: Sl. No | B15: Species name | C15: Local name | D15: Collar Dia In cm (if any) | E15: Height (in m) | F15: NTFP utility | H15: Remarks, if any, about the condition of shrub vegetation
F16: Part of the plant body | G16: Approx. weight and or no.
A17: 1 | B17: Acacia auriculiformis | C17: Acacia | D17: 5 | E17: 5.5 | F17: pods | G17: =D17*E17 -> 27.5
A18: 2 | B18: Psychotria dalzelli | C18: Konanakivi | D18: 3.5 | E18: 2.5 | F18: leas | G18: =D18*E18 -> 8.75
A19: 3 | B19: Macaranga peltata | C19: Chandalike | D19: 2.5 | E19: 4 | F19: Edible fruits, Fiber | G19: =D19*E19 -> 10
A21: OBSERVATIONS RECORDED
A22: 1 | B22: Wieght of humas & Soil carbon, Forest floor of 1m X 1m plot ( within the main plot) | H22: 32g
A23: 2 | B23: Weight of All Woody litter i.e., all branches below 5cm Dia in 3m X 3m Plot | H23: 230g
A24: 3 | B24: Weight of All dead wood above 5cm Dia in 5m X 5m Plot | H24: 0
B26: =B2 -> Grid No: | F26: NORTH WEST CORNER
A27: Sl. No | B27: Species name | C27: Local name | D27: Collar Dia In cm (if any) | E27: Height (in m) | F27: NTFP utility | H27: Remarks, if any, about the condition of shrub vegetation
F28: Part of the plant body | G28: Approx. weight and or no.
A29: 1 | B29: Ziziphus oenoplia | C29: Paragi | D29: 3.5 | E29: 8 | F29: fruits | G29: =D29*E29 -> 28
A30: 2 | B30: Aporosa lindleyana | C30: Salle | D30: 4 | E30: 5 | F30: seeds | G30: =D30*E30 -> 20
B32: =B2 -> Grid No: | F32: SOUTH EAST CORNER
A33: Sl. No | B33: Species name | C33: Local name | D33: Collar Dia In cm (if any) | E33: Height (in m) | F33: NTFP utility | H33: Remarks, if any, about the condition of shrub vegetation
F34: Part of the plant body | G34: Approx. weight and or no.
A35: 1 | B35: Acacia auriculiformis | D35: 5 | E35: 6 | F35: pods | G35: =D35*E35 -> 30
A36: 2 | B36: Acacia auriculiformis | D36: 6 | E36: 6.5 | G36: =D36*E36 -> 39
A37: 3 | B37: Getonia floribunda | C37: Kumsa Balli | D37: 7 | E37: 12 | G37: =D37*E37 -> 84 | H37: climber
A38: 4 | B38: Aporosa lindleyana | C38: Salle | D38: 4.5 | E38: 3 | F38: seeds | G38: =D38*E38 -> 13.5
A39: 5 | B39: Getonia floribunda | C39: Kumsa Balli | D39: 3 | E39: 6 | G39: =D39*E39 -> 18 | H39: climber
A40: 6 | B40: Getonia floribunda | C40: Kumsa Balli | D40: 7 | E40: 8 | F40: Flowers and leaves | G40: =D40*E40 -> 56 | H40: climber
A41: 7 | B41: Getonia floribunda | C41: Kumsa Balli | D41: 5 | E41: 10 | G41: =D41*E41 -> 50 | H41: climber

Sheet Form C
A1: PLOT ENUMERATION FORM – C (1m X 1m Plot) Grid No:
E2: NORTH EAST CORNER
A3: Sl. No | B3: Species name | C3: Local name | D3: Height (in cm) | E3: NTFP utility | G3: Remarks, if any, about the condition of herbal vegetation
E4: Part of the plant | F4: Approx. weight
E5: body | F5: or no.
A6: 1 | B6: Tabernamontana heyneana | C6: Maddarasa | D6: 30 | E6: bark, roots | F6: =0.05*(D6)*(D6) -> 45
A7: 2 | B7: Ziziphus oenoplia | C7: Paragi | D7: 20 | E7: fruits | F7: =0.05*(D7)*(D7) -> 20
A8: OBSERVATIONS RECORDED
B10: Grid No: | E10: SOUTH WEST CORNER
A11: Sl. No | B11: Species name | C11: Local name | D11: Height (in cm) | E11: NTFP utility | G11: Remarks, if any, about the condition of herbal vegetation
E12: Part of the plant | F12: Approx. weight
E13: body | F13: and or no.
A14: 1 | B14: Smilax spinosa | D14: 35 | E14: tubers | F14: =0.05*(D14)*(D14) -> 61.25
A15: 2 | B15: Psychotria flavida | C15: Kaadu coffee | D15: 23 | E15: leaves | F15: =0.05*(D15)*(D15) -> 26.45
A16: 3 | B16: Jasminum malabaricum | C16: Kaadu Mallige | D16: 20 | E16: flowers | F16: =0.05*(D16)*(D16) -> 20
A17: 4 | B17: Psychotria flavida | C17: Kaadu coffee | D17: 25 | E17: leaves | F17: =0.05*(D17)*(D17) -> 31.25
A18: 5 | B18: Psychotria flavida | C18: Kaadu coffee | D18: 20 | E18: stems | F18: =0.05*(D18)*(D18) -> 20
