Workbook

Sheet Form-1
B1: Form I
B2: PLOT APPROACH FORM
A3: Name of Division : Sagara | C3: ( / / )
A5: Sl. No | B5: Heading | C5: Description
A6: 1 | B6: Range | C6: Sullia
A7: 2 | B7: Block and/or beat | C7: Pumale RF
A8: 3 | B8: Compartment | C8: X-8
A9: 4 | B9: Grid No. | C9: 568
A10: 5 | B10: LATITUDE(dd.dddd) | C10: 12.5651
A11: 6 | B11: LONGITUDE (dd.dddd) | C11: 75.4575
A12: 7 | B12: Journey/approach to the plot | C12: From Sullia traverse by Asphalt road leading to Doddathota via Ubbardka Mitturu for 9.30 Kms.Here turns right and traverse South Eastwards in an Asphalt road leading to Kudkukli for 4.80Kms to reach Kudkuli.Here turns right and traverse Westwards by foot for 870 mts to reach the center of the Plot
A13: 8 | B13: Ocular stock assessment | C13: vaate,maddarasa,bettha,salle,killarbhogi,matthi,neervaate,hunalu
A14: 9 | B14: General observational information
B15: (1)Tract - | C15: hilli
B16: (2) Aspect - North/South/East/ West/North-East/South-East /North-West/South-west | C16: east
B17: (3) Canopy Density - % ( >0.75 / 0.5-0.75 / <0.5) | C17: 0.782
B18: (4) Rock- | C18: Metamorphic Rocks
B19: (5) Soil- | C19: Lateritic soil
B20: (6) Grasses- | C20: humble present in Scanty
B21: (7) weeds- | C21: madambadi, ondelaga, moderate
B22: (8) Bamboos - | C22: present (hebbidiru)
B23: (9) Herbs- | C23: ondelaga,bhogi, jari gida
B24: (10) Shrubs - | C24: huriakki,humble
B25: (10) Underwood Species- | C25: huriakki,kendal,kadumensasu,akkiharakalu
B26: (11) Climbers- | C26: kumsa,kadu menasu balli,
B27: (12) Rattans - | C27: present halbettha
B28: (13) NTFP yielding Sps - | C28: no
A29: 10 | B29: Conspicuous features | C29: group of maddarasa, group of salle,heavy vate,mild matthi,salle,
A30: 11 | B30: Removal of fuel wood and fodder | C30: 20-25 thale hore
A31: 12 | B31: Refrence Tree Sl No | C31: jambe(1)
A32: 13 | B32: Distance of Grid Centre from reference tree | C32: 3m

Sheet Form-2
A1: Form II
A2: PLOT DESCRIPTION FORM
A4: Name of Division: Sagara | C4: ( / / )
A6: Sl. No | B6: Description | C6: Remarks
A7: 1 | B7: Range | C7: ='Form-1'!C6 -> Sullia
A8: 2 | B8: Block and or beat | C8: ='Form-1'!C7 -> Pumale RF
A9: 3 | B9: Compartment | C9: ='Form-1'!C8 -> X-8
A10: 4 | B10: Grid No. | C10: ='Form-1'!C9 -> 568
A11: 5 | B11: LATITUDE(dd.dddd) | C11: ='Form-1'!C10 -> 12.5651
A12: 6 | B12: LONGITUDE (dd.dddd) | C12: ='Form-1'!C11 -> 75.4575
A13: 7 | B13: ALTTTUDE | C13: 261 mts MSL
A14: 8 | B14: Legal status - Reserve Forest / Protected Forest/ Un classed Forest /Private Forest/ Private Land | C14: reserve forest
A15: 9 | B15: Land Use - Closed Forest /Dense Forest /Open Forest / Bamboo Forest/Grass land/Forest Roads/Scrub Forest | C15: dense forest
A16: 10 | B16: General topography : (Flat / Gently rolling / Hilly /Very Hilly/ Ravines / Gullies | C16: gently roling
A17: 11 | B17: Slope(in degrees):Upto 3° /4°-15°/16°-40°/41° and Above) | C17: 4 to 15
A18: 12 | B18: Aspect - North/South/East/ West/North-East/South-East /North-West/South-west | C18: east
A19: 13 | B19: Rock and geology - Igneous Rocks / Sedimentary Rocks / Metamorphic Rocks | C19: metamorphic rocks
A20: 14 | B20: Soil data
B21: (1) Soil Type | C21: ='Form-1'!C19 -> Lateritic soil
B22: (3) Soil Depth | C22: 50 cm
B23: (2) Soil Permeability | C23: Low Permiability
A24: 15 | B24: Soil Erosion | C24: mild
A25: 16 | B25: Crop composition : | C25: 0.5
A26: 17 | B26: Regeneration status : Adequate/ Moderate/ Poor /Absent | C26: moderate
A27: 18 | B27: Injury/ damage to crop, if any : Top drying /Insect attack/Fungal infection/Leaf defoliator / Lopping / Girdling / Scarring / Damage by natural calamities / Damage by Wild life / Damage by Fire / None | C27: Damage by wild life-Eliphant eating vaate plants found
A28: 19 | B28: Grazing incidence : Heavy / Moderate / Light / None | C28: none
A29: 20 | B29: Presence of bamboos : Present / Absent | C29: Absent
A30: 21 | B30: Presence of grasses : Very dense / Dense / Moderate / Scanty / Absent | C30: scanty
A31: 22 | B31: Presence of weeds : Very dense / Dense / Moderate / Scanty / Absent | C31: scanty
A32: 23 | B32: Plantation status : | C32: no
A33: 24 | B33: Presence Of Invasive Species : | C33: Kumsanaballi
A34: 25 | B34: water bodies : | C34: preset
A35: 26 | B35: Drivers of degradation & Biotic Influence : Heavily degrated/ Moderately degrated / Mildly degrated /Not degrated | C35: present activity eliphant eating the vaate plant
A36: 27 | B36: Faunal sighting, if any | C36: no
A37: 28 | B37: Faunal traces of flagship species. | C37: no
A38: 29 | B38: Canopy Density - % | C38: 0.862

Sheet F-III A1
A1: Form III
A2: FORM – A1
A3: PLOT ENUMERATION (31.62mX 31.62m Central Plot/lateral plot)
A5: Compartment No: | C5: ='Form-1'!C8 -> X-8 | E5: Block /Village: | J5: Beat:
A6: Range: | C6: ='[1]Form-1'!C6 -> Sullia | E6: Division: | G6: ='[2]Form 1'!C3 -> Mangalore | J6: ALT: | K6: ='Form-2'!C13 -> 261 mts MSL
A7: LAT: | C7: ='Form-1'!C10 -> 12.5651 | E7: LONG: | G7: ='Form-1'!C11 -> 75.4575 | J7: Grid No: | K7: ='Form-1'!C9 -> 568
A9: Sl. No | B9: Species name | D9: Local name | E9: GBH (OB) (cm) | F9: GBH (OB) | G9: Height of selected dominant trees (m) | H9: NTFP utility | L9: Remarks, if any, about the tree condition
F10: in cm | H10: Part of the tree | J10: Approx. weight and or no.
A11: 1 | B11: Xylia xylocarpa | D11: jambe | E11: 74 | F11: 74 | G11: 10
A12: 2 | B12: Aporousa lindleyana | D12: salle | E12: 59 | F12: 59 | G12: 8
A13: 3 | B13: Terminalia tomentosa | D13: matthi | E13: 97 | F13: 97 | G13: 10
A14: 4 | B14: Aporousa lindleyana | D14: salle | E14: 56 | F14: 56 | G14: 7
A15: 5 | B15: Aporousa lindleyana | D15: salle | E15: 68 | F15: 68 | G15: 7
A16: 6 | B16: Aporousa lindleyana | D16: salle | E16: 48 | F16: 48 | G16: 10
A17: 7 | B17: Mitragyna parviflora | D17: kalam | E17: 35 | F17: 35 | G17: 8
A18: 8 | B18: Xylia xylocarpa | D18: jambe | E18: 68 | F18: 68 | G18: 10
A19: 9 | B19: Terminalia tomentosa | D19: matthi | E19: 63 | F19: 63 | G19: 10
A20: 10 | B20: Aporousa lindleyana | D20: salle | E20: 53 | F20: 53 | G20: 10
A21: 11 | B21: Xylia xylocarpa | D21: jambe | E21: 87 | F21: 87 | G21: 12
A22: 12 | B22: Aporousa lindleyana | D22: salle | E22: 46 | F22: 46 | G22: 10
... A64: 54 | B64: Aporousa lindleyana | D64: salle | E64: 57 | F64: 57 | G64: 12

Sheet FIII A2 (2)
A1: FORM-A2
A2: BAMBOO CLUMP ENUMERATION (31.62mX 31.62m Plot)
A5: Sl. No | B5: Species name | C5: Local Name | D5: Clump dia in cm | E5: Green sound culms | N5: Green damaged/ twisted | O5: Dry culms | Q5: Remarks, if any, about the clump condition
E6: Current | H6: One to | K6: Over two | O6: Sound | P6: Damaged/ twisted
E7: years | H7: two years | K7: years
E8: a | F8: b | G8: c | H8: a | I8: b | J8: c | K8: a | L8: b | M8: c
A9: Nil

Sheet F-B
A1: PLOT ENUMERATION FORM – B (3m X 3m Plot)
B2: Grid No: | C2: ='Form-1'!C9 -> 568 | F2: NORTH EAST CORNER
A3: Sl. No | B3: Species name | C3: Local name | D3: Collar Dia In cm (if any) | E3: Height (in m) | F3: NTFP utility | H3: Remarks, if any, about the condition of shrub vegetation
F4: Part of the plant body | G4: Approx. weight and or no.
A5: 1 | C5: madambadi | D5: 0.6 | E5: 0.8 | G5: 35gm
A6: 2 | C6: madambadi | D6: 0.3 | E6: 0.3 | G6: 10gms
A7: 3 | C7: huriakki | D7: 0.2 | E7: 0.2 | G7: 5gms
B8: =B2 -> Grid No: | C8: =C2 -> 568 | F8: SOUTH WEST CORNER
A9: Sl. No | B9: Species name | C9: Local name | D9: Collar Dia In cm (if any) | E9: Height (in m) | F9: NTFP utility | H9: Remarks, if any, about the condition of shrub vegetation
F10: Part of the plant body | G10: Approx. weight and or no.
A11: 1 | B11: Aporousa lindleyana | C11: salle | D11: 3.2 | E11: 1
A12: 2 | C12: madambadi | D12: 1 | E12: 0.6
A13: 3 | B13: Xylia xylocarapa | C13: jambe | D13: 0.8 | E13: 0.6
A14: 4 | B14: Xylia xylocarapa | C14: jambe | D14: 0.2 | E14: 0.15
A15: 5 | B15: Linociera malabarica | C15: akkiharakalu | D15: 1.1 | E15: 1
A16: 6 | B16: Tabernaemontana heyneyana | C16: maddarasa | D16: 0.6 | E16: 0.6
B17: =B2 -> Grid No: | C17: =C8 -> 568 | F17: SOUTH EAST CORNER
A18: Sl. No | B18: Species name | C18: Local name | D18: Collar Dia In cm (if any) | E18: Height (in m) | F18: NTFP utility | H18: Remarks, if any, about the condition of shrub vegetation
F19: Part of the plant body | G19: Approx. weight and or no.
A20: 1 | C20: madambadi | D20: 0.5 | E20: 0.6
A21: 2 | C21: madambadi | D21: 0.7 | E21: 0.6
A22: 3 | C22: maddarasa | D22: 0.6 | E22: 0.5
A23: 4 | B23: Xylia xylocarapa | C23: jambe | D23: 0.3 | E23: 0.2
A24: 5 | B24: Tabernaemontana heyneyana | C24: maddarasa | D24: 0.3 | E24: 0.2
B25: =B2 -> Grid No: | C25: =C17 -> 568 | F25: NORTH WEST CORNER
A26: Sl. No | B26: Species name | C26: Local name | D26: Collar Dia In cm (if any) | E26: Height (in m) | F26: NTFP utility | H26: Remarks, if any, about the condition of shrub vegetation
F27: Part of the plant body | G27: Approx. weight and or no.
A28: 1 | B28: Tabernaemontana heyneyana | C28: maddarasa | D28: 1 | E28: 0.9
A29: 2 | C29: madambadi | D29: 0.7 | E29: 0.6
A30: 3 | C30: madambadi | D30: 0.8 | E30: 0.5
A31: 4 | B31: Aporousa lindleyana | C31: salle | D31: 7.5 | E31: 3
A32: 5 | B32: Aporousa lindleyana | C32: salle | D32: 0.5 | E32: 0.3

Sheet Form C
A1: PLOT ENUMERATION FORM – C (1m X 1m Plot) Grid No: | F1: ='Form-1'!C9 -> 568
E2: NORTH EAST CORNER
A3: Sl. No | B3: Species name | C3: Local name | D3: Height (in cm) | E3: NTFP utility | G3: Remarks, if any, about the condition of herbal vegetation
E4: Part of the plant body | F4: Approx. weight or Nos.
A5: 1 | C5: madambadi | D5: 15
A6: 2 | C6: bhogi | D6: 10
A8: OBSERVATIONS RECORDED
A9: 1 | B9: Wieght of humas & Soil carbon, Forest floor of 1m X 1m plot ( within the main plot) | G9: 0.376 Kg
A10: 2 | B10: Weight of All Woody litter i.e., all branches below 5cm Dia in 3m X 3m Plot | G10: 3.246kg
A11: 3 | B11: Weight of All dead wood above 5cm Dia in 5m X 5m Plot | G11: 7.12kg
A12: 4 | B12: Weight of the all hurbs / grasses including Leaf litter in 1X1 Sub Plot | G12: 0.50 Kgs
A13: 5 | B13: Uprooted weight of Shrubs and climbers in gm/Kg (3m X 3m) | G13: 2.500 Kgs
B14: Grid No: | C14: =F1 -> 568 | E14: SOUTH WEST CORNER
A15: Sl. No | B15: Species name | C15: Local name | D15: Height (in cm) | E15: NTFP utility | G15: Remarks, if any, about the condition of herbal vegetation
E16: Part of the plant body | F16: Approx. weight and or no.
A17: 1 | C17: salle | D17: 60
A18: 2 | C18: huriakki | D18: 15
A20: OBSERVATIONS RECORDED
A21: 1 | B21: Wieght of humas & Soil carbon, Forest floor of 1m X 1m plot ( within the main plot) | G21: 0.543 Kgs
A22: 2 | B22: Weight of All Woody litter i.e., all branches below 5cm Dia in 3m X 3m Plot | G22: 2.437kg
A23: 3 | B23: Weight of All dead wood above 5cm Dia in 5m X 5m Plot | G23: 4.368kg
A24: 4 | B24: Weight of the all hurbs / grasses including Leaf litter in 1X1 Sub Plot | G24: 1.500 Kgs
A25: 5 | B25: Uprooted weight of Shrubs and climbers in gm/Kg (3m X 3m) | G25: 2.000 Kgs

Sheet Form 8
A1: Field Form No.8(Optional)
A3: STUMP, DEAD WOOD AND WOODY LITTER FORM
A5: Job No. | B5: form Code | C5: Mapsheet No* | D5: grid code* | E5: Lat* | F5: Long* | G5: Presence of Dead wood inforamtion* | I5: Stump and dead Wood: Circular Plot of size 2.8 m radius
A6: 1(3) | B6: 2(2) | C6: 3(6) | D6: 4(6) | E6: 5(6) | F6: 6(8) | G6: 17(10)
B7: 10 | I7: Woody litter: Circular plot of size 1.7 m radius
A9: Sub-plot number* | B9: Stump Information* | F9: Dead wood information*
B10: Species code | C10: Satus of stump (alive/dead) | D10: Dia (in.cm) | E10: Height (in cm.) | F10: Species code | G10: DBH/Dia (cm) | I10: length of the log (cm)
A11: 7(1) | B11: 8(4) | C11: 9(1) | D11: 10(3) | E11: 11(3) | F11: 12(4) | G11: 13(3) | I11: 14(3)
B12: Hunalu | C12: Dead | D12: 143 | E12: 2
B13: Sallle | C13: Alive | D13: 24 | E13: 1
A18: Date:- | G18: Signature of the Crew
A19: Leader:-
A21: Note:-
A22: i) | B22: Firt Number in the row below the field headings represents the column number and the number inside the bracket represents the column width

Sheet NTFP-Med Plant
A1: NTFP/Medicinal plants information
A2: QgÀÄ CgÀtå GvÀà£ÀßUÀ¼À£ÀÄß ¤ÃqÀÄªÀ ¸À¸ÀåUÀ¼ÀÄ/ªÀÄgÀUÀ¼ÀÄ ºÁUÀÆ OµÀ¢üÃAiÀÄ ¸À¸ÀåUÀ¼ÀÄ
A3: Sl No | B3: Tree SPP | C3: Shrub | D3: hurb | E3: Climber | F3: Lichenes | G3: Parts used | H3: Aprox qty/No
A4: PÀæ. ¸ÀA. | B4: ªÀÄgÀzÀ eÁw | C4: VqÀUÀ¼À eÁw | D4: ¸ÀtÚ ¸À¸ÀåUÀ¼À eÁw | E4: §½îUÀ¼À eÁw | F4: PÀ®ÄèºÀÆªÀÅUÀ¼À eÁw | G4: G¥ÀAiÉÆÃV¸ÀÄªÀ ¨sÁUÀ | H4: zÉÆgÉAiÀÄÄªÀ ¥ÀæªÀiÁt (UÁæA/PÉ.f)
A5: 1 | C5: Maddarasa ( Tabernaemontana heyneyana ) | G5: Stem | H5: 200 Gms
A6: 2
A7: 3
A8: 4
A9: 5
A10: 6
A11: 7
A12: 8
A13: 9
A14: 10
A15: 11
A16: 12
A17: 13
... A26: 22

Sheet Canes
A1: Canes information
A2: ¨ÉvÀÛUÀ¼À §UÉÎ ªÀiÁ»w
A3: Sl.No. | B3: Cane Species Local Name | C3: Botanical Name | D3: Aproximate Nos
A4: PÀæ.¸ÀA. | B4: ¨ÉvÀÛzÀ eÁwAiÀÄ ¸ÀÜ½ÃAiÀÄ ºÉ¸ÀgÀÄ | C4: s¸À¸Àå±Á¹ÛçÃAiÀÄ ºÉ¸ÀgÀÄ | D4: CAzÁdÄ ¸ÀASÉå
A5: 1
A6: 2
A7: 3
A8: 4
A9: 5
A10: 6
A11: 7
A12: 8
A13: 9
A14: 10
A15: 11
A16: 12
... A27: 23
